id,organization_id,name,content_type,url,thumbnail_url,preview_thumbnail_url,preview_url,tracking_name,tracking_id,width,height,duration,size,tags,orientations,compatible_apps,status,job_id,extra_properties,created_at,updated_at,author_profile_id,author_account_id,remote_asset_id,spend,impressions,clicks,installs
6772120f119a3e363f8b8443,5f084738cbe4e700069fa940,DS_Sprint112_Set1_a_011.jpg,image/jpeg,https://static.superfine.org/advertisement/creative_sets/01JGASD2W2R20FAJFZ4Q3KHJPM.jpeg,https://static.superfine.org/advertisement/creative_sets/01JGASD2W2R20FAJFZ4Q3KHJPM.jpeg,https://static.superfine.org/advertisement/creative_sets/5f084738cbe4e700069fa940/d78d8f00dbb1fd80f923e608c48f7d95-xctgzkwvxlemvwpkekih.jpeg,https://static.superfine.org/advertisement/creative_sets/5f084738cbe4e700069fa940/d78d8f00dbb1fd80f923e608c48f7d95-xctgzkwvxlemvwpkekih.jpeg,,e4a1197b44322852605b560d102ef088,1200,627,,240299,"[""f:image/jpeg"", ""s:1200x627"", ""5f084a8dcbe4e700069fa943""]",[],,UPLOADED,,{},1735528975,1735529061,01GRJNVM3BBK46VW7Z8JK1MP1Y,01H1VABXK8RZNGCQK30AK772TW,192338546235,12,1,1,0
6773abb851e889fdf0d5d00f,5f084738cbe4e700069fa940,DateTheGirl_Sprint117_Set1_720x720_b.mp4,video/mp4,https://static.superfine.org/advertisement/creative_sets/01JGDXDJ3ME4Z0Y3AMDNRF4A19.mp4,https://static.superfine.org/advertisement/creative_sets/5f084738cbe4e700069fa940/b061a0b498baa9f93c04c08d5e99aa88-tmptmpepyatdqz.jpg,https://static.superfine.org/advertisement/creative_sets/5f084738cbe4e700069fa940/55324d839ccc33c0c1da00ce719c0726-kjkgidkvkygszhmygieu.jpg,https://static.superfine.org/advertisement/creative_sets/5f084738cbe4e700069fa940/d0aa87b21a48d11745e7232be82ff9ee-ugpuypvgrvidfuxqkqou.mp4,,69b445bc6fd4d92fe424811123741f0c,720,720,30000,11363882,"[""f:video/mp4"", ""s:720x720"", ""5f3f778234aaa53b5b19f723""]",[],,UPLOADED,,{},1735633848,1735633979,01GRJNVM3BBK46VW7Z8JK1MP1Y,01H1VABXK8RZNGCQK30AK772TW,192344359485,"1,218",6,0,
6773abb851e889fdf0d5d00e,5f084738cbe4e700069fa940,DateTheGirl_Sprint117_Set1_1280x720_b.mp4,video/mp4,https://static.superfine.org/advertisement/creative_sets/01JGDXDJ37NKG2PY05ZM0KXHSK.mp4,https://static.superfine.org/advertisement/creative_sets/5f084738cbe4e700069fa940/e2a289d56c9c9328f30dc64364c1a1a8-tmptmptwpnlyc4.jpg,https://static.superfine.org/advertisement/creative_sets/5f084738cbe4e700069fa940/09da0fafe5367a09fc30c5821743a145-dwuamhskipohntcznely.jpg,https://static.superfine.org/advertisement/creative_sets/5f084738cbe4e700069fa940/0208e516a449fabdb7d3e5c09e5fb5f1-enkbptcadlcutltvzkmt.mp4,,0856f364ce692def386b94f04c40ba25,1280,720,30000,9375539,"[""f:video/mp4"", ""s:1280x720"", ""5f3f778234aaa53b5b19f723""]",[],,UPLOADED,,{},1735633848,1735633917,01GRJNVM3BBK46VW7Z8JK1MP1Y,01H1VABXK8RZNGCQK30AK772TW,192356784127,"1,663",0,0,
674d8674bbd486486d9cb9c4,5f084738cbe4e700069fa940,69R_Sprint76_Set3_640x360_CLEAN.mp4,video/mp4,https://static.superfine.org/advertisement/creative_sets/01JE3DADVGR334KAN5HR3G32AR.mp4,https://static.superfine.org/advertisement/creative_sets/5f084738cbe4e700069fa940/2d78dc8f39555801095992fcd88ec067-tmptmpi7fymepe.jpg,https://static.superfine.org/advertisement/creative_sets/5f084738cbe4e700069fa940/9cbff341beb7794cd5e2cc4e215c6660-bublgwmqbfxdevoyyizh.jpg,https://static.superfine.org/advertisement/creative_sets/5f084738cbe4e700069fa940/991588dd80b775821694c79800a69b56-tszpmhqcsdcdlqamrwix.mp4,,a755d8476cb54b1573aa05d799345eb7,640,360,30000,11129414,"[""f:video/mp4"", ""s:640x360"", ""5f55bb6dc09ebc60ec89e091""]",[],,UPLOADED,,{},1733133940,1733134061,,,190427796726,"1,667",1,0,0
6773abb851e889fdf0d5d013,5f084738cbe4e700069fa940,DateTheGirl_Sprint117_Set1_1080x1920_b.mp4,video/mp4,https://static.superfine.org/advertisement/creative_sets/01JGDXDJ53NJV4SDB0HB63CC5T.mp4,https://static.superfine.org/advertisement/creative_sets/5f084738cbe4e700069fa940/3736e340b51f21146dd7c1e66fe6696c-tmptmpodms1xuc.jpg,https://static.superfine.org/advertisement/creative_sets/5f084738cbe4e700069fa940/ffbd919ce55fd59bc4b0012606ee4656-evcioxfoghsytwrkaxyg.jpg,https://static.superfine.org/advertisement/creative_sets/5f084738cbe4e700069fa940/5b1e592f6a2d4ecd60de747e4e752eac-etscnkuzulwkklxkxskq.mp4,,e0b335be5f43bf1445a4feb6214414fd,1080,1920,30000,27058688,"[""f:video/mp4"", ""s:1080x1920"", ""5f3f778234aaa53b5b19f723""]",[],,UPLOADED,,{},1735633848,1735634007,01GRJNVM3BBK46VW7Z8JK1MP1Y,01H1VABXK8RZNGCQK30AK772TW,192357005911,"2,475",3,0,
6772120f119a3e363f8b8442,5f084738cbe4e700069fa940,DS_Sprint112_Set1_a_005.jpg,image/jpeg,https://static.superfine.org/advertisement/creative_sets/01JGASD2VNTAV692J0727KAY04.jpeg,https://static.superfine.org/advertisement/creative_sets/01JGASD2VNTAV692J0727KAY04.jpeg,https://static.superfine.org/advertisement/creative_sets/5f084738cbe4e700069fa940/d1604d546c52a0e64cd6d8fd45eea583-nvudpginkxoxsdzguldv.jpeg,https://static.superfine.org/advertisement/creative_sets/5f084738cbe4e700069fa940/d1604d546c52a0e64cd6d8fd45eea583-nvudpginkxoxsdzguldv.jpeg,,343124a06f0a7b7aa3930c8e6b3ce3b2,1200,627,,226469,"[""f:image/jpeg"", ""s:1200x627"", ""5f084a8dcbe4e700069fa943""]",[],,UPLOADED,,{},1735528975,1735529060,01GRJNVM3BBK46VW7Z8JK1MP1Y,01H1VABXK8RZNGCQK30AK772TW,192338537397,"3,304",10,3,0
6773abb851e889fdf0d5d012,5f084738cbe4e700069fa940,DateTheGirl_Sprint117_Set1_640x360_b.mp4,video/mp4,https://static.superfine.org/advertisement/creative_sets/01JGDXDJ4QGC69AHC2VXCBQJ6E.mp4,https://static.superfine.org/advertisement/creative_sets/5f084738cbe4e700069fa940/bf6e26276f0f92e1653aeed82efd80ce-tmptmpvdo72d1z.jpg,https://static.superfine.org/advertisement/creative_sets/5f084738cbe4e700069fa940/350b0ec779212381a79ed929709e9961-ihroaagroigajhnnkyjx.jpg,https://static.superfine.org/advertisement/creative_sets/5f084738cbe4e700069fa940/76b05e559dc01fcfb111fc17cf90aac6-rjntnzyjblzsfquitvec.mp4,,ae8239be7fb48fb5a44092fcf2fd84b5,640,360,30000,4648200,"[""f:video/mp4"", ""s:640x360"", ""5f3f778234aaa53b5b19f723""]",[],,UPLOADED,,{},1735633848,1735633902,01GRJNVM3BBK46VW7Z8JK1MP1Y,01H1VABXK8RZNGCQK30AK772TW,192356995867,"4,396",1,0,
677211d9119a3e363f8b843c,5f084738cbe4e700069fa940,DS_Sprint112_Set1_640x360_a.mp4,video/mp4,https://static.superfine.org/advertisement/creative_sets/01JGASBE50AXVA1AZWV7SKTKFC.mp4,https://static.superfine.org/advertisement/creative_sets/5f084738cbe4e700069fa940/c38db11056ad87b9f526b35505b04d76-tmptmpxob7tovr.jpg,https://static.superfine.org/advertisement/creative_sets/5f084738cbe4e700069fa940/1dec63ff50df63f228ddbe500c37187f-jwkkknrriegkbituhehx.jpg,https://static.superfine.org/advertisement/creative_sets/5f084738cbe4e700069fa940/7d274dfbe4c8514c42e43bba83a5fda2-tatlteebmhvlandrfwgk.mp4,,c28e4a2167257e276fa8680230632427,640,360,27240,5414298,"[""f:video/mp4"", ""s:640x360"", ""5f084a8dcbe4e700069fa943""]",[],,UPLOADED,,{},1735528921,1735528989,01GRJNVM3BBK46VW7Z8JK1MP1Y,01H1VABXK8RZNGCQK30AK772TW,192338839389,"11,537",72,3,0
6773abb851e889fdf0d5d00b,5f084738cbe4e700069fa940,DateTheGirl_Sprint117_Set1_1920x1080_b.mp4,video/mp4,https://static.superfine.org/advertisement/creative_sets/01JGDXDJ21MRJE4V5DC3HJ9FYC.mp4,https://static.superfine.org/advertisement/creative_sets/5f084738cbe4e700069fa940/e7fce0d871b65a7ce8b98a22ded44ea8-tmptmpayubrk5p.jpg,https://static.superfine.org/advertisement/creative_sets/5f084738cbe4e700069fa940/ce1f737de5c2489fdc5ed4e5e8dc0978-fzridydenxfsmucomwwh.jpg,https://static.superfine.org/advertisement/creative_sets/5f084738cbe4e700069fa940/517ef6dcf8311792cbe1c8339892f00f-fvbwjcojjayujqqhskig.mp4,,9b91f4630be38423f7396c3398e6c1ef,1920,1080,30000,16556902,"[""f:video/mp4"", ""s:1920x1080"", ""5f3f778234aaa53b5b19f723""]",[],,UPLOADED,,{},1735633848,1735633999,01GRJNVM3BBK46VW7Z8JK1MP1Y,01H1VABXK8RZNGCQK30AK772TW,192317069378,"1,474",21,0,
6773abb851e889fdf0d5d00d,5f084738cbe4e700069fa940,DateTheGirl_Sprint117_Set1_406x720_b.mp4,video/mp4,https://static.superfine.org/advertisement/creative_sets/01JGDXDJ2VXA19P7FDMPDYSESG.mp4,https://static.superfine.org/advertisement/creative_sets/5f084738cbe4e700069fa940/b015140c1e558926c64ca400d96aa403-tmptmpi4zn3q73.jpg,https://static.superfine.org/advertisement/creative_sets/5f084738cbe4e700069fa940/e8096ac63614d636560db27145e386b8-ycbboxaygmkgqbphmyfb.jpg,https://static.superfine.org/advertisement/creative_sets/5f084738cbe4e700069fa940/56aeb8c9085dff587e9f08380543a3f7-lunsmtfivtnfvqhdxxoi.mp4,,1ea04592504dbee134f6623764b422dc,406,720,30000,9117414,"[""f:video/mp4"", ""s:406x720"", ""5f3f778234aaa53b5b19f723""]",[],,UPLOADED,,{},1735633848,1735633910,01GRJNVM3BBK46VW7Z8JK1MP1Y,01H1VABXK8RZNGCQK30AK772TW,192356920138,"15,167",6,0,
6773a17c51e889fdf0d5cfe9,5f084738cbe4e700069fa940,TG3D_Sprint80_Set1_512x640_a.mp4,video/mp4,https://static.superfine.org/advertisement/creative_sets/01JGDTXKY2BXWMT55TF6K1PKQW.mp4,https://static.superfine.org/advertisement/creative_sets/5f084738cbe4e700069fa940/65d60a131e68caf4e6ddd7bbf52be664-tmptmpvpids6ht.jpg,https://static.superfine.org/advertisement/creative_sets/5f084738cbe4e700069fa940/26783fabc69e0b4336a3797e65f8fe23-jezmdsvmmqlvjiofnkhw.jpg,https://static.superfine.org/advertisement/creative_sets/5f084738cbe4e700069fa940/3dbd440cff4fb8de7be919c15e1fb18e-zxdsvyjxtionbygcszqj.mp4,,819966309ae5f1ed8e49786eed562dff,512,640,30000,8263146,"[""5f3f7ac434aaa53b5b19f75b"", ""f:video/mp4"", ""s:512x640""]",[],,UPLOADED,,{},1735631229,1741868394,01GRJNVM3BBK46VW7Z8JK1MP1Y,01H1VABXK8RZNGCQK30AK772TW,1.11063E+15,"1,999",107,2,
676d40d150dc219d984b9b0e,5f084738cbe4e700069fa940,MMD_Sprint157_Set1_512x640_A.mp4,video/mp4,https://static.superfine.org/advertisement/creative_sets/01JG1CACKE7KWQPDSPFNVTENPG.mp4,https://static.superfine.org/advertisement/creative_sets/5f084738cbe4e700069fa940/64f35cb9fa86b1b41dc54f5bb1debd3c-tmptmp6gb2ncd.jpg,https://static.superfine.org/advertisement/creative_sets/5f084738cbe4e700069fa940/bcb65526eeef81dce673f906c3810eb2-pswycpwonyapdrnxflud.jpg,https://static.superfine.org/advertisement/creative_sets/5f084738cbe4e700069fa940/c10c834911b4356b8b3779170553b57e-gnfnizasxrxxkjaircwr.mp4,,2aa3cd247df0c5dafda4e134a65e206f,512,640,30000,19575782,"[""s:512x640"", ""f:video/mp4"", ""5f3f78ff34aaa53b5b19f747""]",[],,UPLOADED,,{},1735213265,1741682627,01HSWW68E9PBGQQNEFJ0H2V0EX,01GHE4Q888P4QSYMQZMH4S9R29,560043566903779,"0,03",32,1,0
677211d9119a3e363f8b843f,5f084738cbe4e700069fa940,DS_Sprint112_Set1_1080x1920_a.mp4,video/mp4,https://static.superfine.org/advertisement/creative_sets/01JGASBE63HBRTCZ20F0AHRH2R.mp4,https://static.superfine.org/advertisement/creative_sets/5f084738cbe4e700069fa940/fa50140d02d796a7972aa424c28ac60b-tmptmppoeft4m.jpg,https://static.superfine.org/advertisement/creative_sets/5f084738cbe4e700069fa940/22f4e7ced10cf448ddd2e7b118d74f47-guvfuydfhbmlzqzjgjoa.jpg,https://static.superfine.org/advertisement/creative_sets/5f084738cbe4e700069fa940/d755e2995132353e8a18b749a9d22b7a-sxjfmsnysyiefrisykrx.mp4,,89c517b2521968243c6faea42d698d33,1080,1920,27240,19310598,"[""f:video/mp4"", ""s:1080x1920"", ""5f084a8dcbe4e700069fa943""]",[],,UPLOADED,,{},1735528921,1735529078,01GRJNVM3BBK46VW7Z8JK1MP1Y,01H1VABXK8RZNGCQK30AK772TW,192351498766,"35,007",119,7,0
672201413e770925d5c0095f,5f084738cbe4e700069fa940,DS_Sprint112_Set1_1920x1080_a.mp4,video/mp4,https://static.superfine.org/advertisement/creative_sets/01JBED9SZCDWW6MKA4P6ME21F0.mp4,https://static.superfine.org/advertisement/creative_sets/5f084738cbe4e700069fa940/090b242ab96b8d4d575120b9260c66cd-tmptmp9spg1qp9.jpg,https://static.superfine.org/advertisement/creative_sets/5f084738cbe4e700069fa940/a9115bf176dbd6a8e02380f126dfb8ae-icnafiurusahvaxbbhoe.jpg,https://static.superfine.org/advertisement/creative_sets/5f084738cbe4e700069fa940/4bc5f1946925541127e567b1c9456140-mqlnrtyosskfolegseim.mp4,,eda7de3d154fb5e1412c2f4bab8392d0,1920,1080,27240,13365884,"[""f:video/mp4"", ""s:1920x1080"", ""5f084a8dcbe4e700069fa943""]",[],,UPLOADED,,{},1730281793,1735528922,,,192311728712,"4,249",214,10,0
6773b3bf51e889fdf0d5d023,5f084738cbe4e700069fa940,PinPull_Sprint171_Set1_1080x1920_a 15sec.mp4,video/mp4,https://static.superfine.org/advertisement/creative_sets/01JGDZC8XT4M7YVG68WV9FV3AK.mp4,https://static.superfine.org/advertisement/creative_sets/5f084738cbe4e700069fa940/bb8cf168b3e7aad6f2df43799f7d571d-tmptmpl4xeych0.jpg,https://static.superfine.org/advertisement/creative_sets/5f084738cbe4e700069fa940/92016a5be993b0ec5565173dc4eede01-uibodkwqzdavnukotcbj.jpg,https://static.superfine.org/advertisement/creative_sets/5f084738cbe4e700069fa940/bb126e5e4de2a2201258f530d3ef1d6b-adsgvoliaotvtdmjoiqv.mp4,,f44e6ccd49515e7a5f951dd0028ed75b,1080,1920,15000,6167934,"[""f:video/mp4"", ""s:1080x1920"", ""5f3f791734aaa53b5b19f74b"", ""5f55bb6dc09ebc60ec89e091""]",[],,ARCHIVED,,{},1735635903,1741945584,01GRJNVM3BBK46VW7Z8JK1MP1Y,01H1VABXK8RZNGCQK30AK772TW,192347211978,"71,002",228,14,0
677211d9119a3e363f8b843d,5f084738cbe4e700069fa940,DS_Sprint112_Set1_720x720_a.mp4,video/mp4,https://static.superfine.org/advertisement/creative_sets/01JGASBE5CFZ1MGH2CS1NB6QZ0.mp4,https://static.superfine.org/advertisement/creative_sets/5f084738cbe4e700069fa940/e797f05a390fd01f828d950be3d41c7e-tmptmp7qagqqkv.jpg,https://static.superfine.org/advertisement/creative_sets/5f084738cbe4e700069fa940/14b382261728b77c559cdfa186a56e94-vxlpdsufayznygnenlhg.jpg,https://static.superfine.org/advertisement/creative_sets/5f084738cbe4e700069fa940/a085ca738fa29fd94096939ff2a1e4e5-htsgtneucdjrmqdwujgl.mp4,,ed21861a9e45ab69f397bf7ae6137474,720,720,27240,10582246,"[""f:video/mp4"", ""s:720x720"", ""5f084a8dcbe4e700069fa943""]",[],,UPLOADED,,{},1735528921,1735529044,01GRJNVM3BBK46VW7Z8JK1MP1Y,01H1VABXK8RZNGCQK30AK772TW,192338839470,"178,885",954,37,0
6773a5a151e889fdf0d5d000,5f084738cbe4e700069fa940,Toiletgames_Sprint121_Set2_1080x1920_a.mp4,video/mp4,https://static.superfine.org/advertisement/creative_sets/01JGDVXZKA874PRHG7BX1SYXQW.mp4,https://static.superfine.org/advertisement/creative_sets/5f084738cbe4e700069fa940/7894684cae1fbcb8430e76f1bdac9c08-tmptmpggsfqxv2.jpg,https://static.superfine.org/advertisement/creative_sets/5f084738cbe4e700069fa940/5015c988415823ef41b6eefd74de8589-pirbkafgfgxlwrvncwet.jpg,https://static.superfine.org/advertisement/creative_sets/5f084738cbe4e700069fa940/fdb49b272b84f90deb53935fcc0ac63f-inszvsrxirrnzosrezso.mp4,,806b590d884d93add1577011d622a788,1080,1920,30000,27130518,"[""5f3f7ac434aaa53b5b19f75b"", ""f:video/mp4"", ""s:1080x1920""]",[],,UPLOADED,,{},1735632289,1741868384,01GRJNVM3BBK46VW7Z8JK1MP1Y,01H1VABXK8RZNGCQK30AK772TW,192355363306,"216,253",380,49,
6773a1af51e889fdf0d5cfee,5f084738cbe4e700069fa940,TG3D_Sprint80_Set1_a_1.jpg,image/jpeg,https://static.superfine.org/advertisement/creative_sets/01JGDTZ58ERXFY05NVPFFB33K2.jpeg,https://static.superfine.org/advertisement/creative_sets/01JGDTZ58ERXFY05NVPFFB33K2.jpeg,https://static.superfine.org/advertisement/creative_sets/5f084738cbe4e700069fa940/33163cd1ac94c0c64e5d8f31fa722322-ldcgxsqzeqgppdpxiwfv.jpeg,https://static.superfine.org/advertisement/creative_sets/5f084738cbe4e700069fa940/33163cd1ac94c0c64e5d8f31fa722322-ldcgxsqzeqgppdpxiwfv.jpeg,,e76d2f87764f35a962aab1ead1e0b118,1200,627,,207279,"[""f:image/jpeg"", ""s:1200x627"", ""5f3f7ac434aaa53b5b19f75b""]",[],,UPLOADED,,{},1735631279,1735631400,01GRJNVM3BBK46VW7Z8JK1MP1Y,01H1VABXK8RZNGCQK30AK772TW,192352485418,"219,047",1161,12,
677211d9119a3e363f8b8440,5f084738cbe4e700069fa940,DS_Sprint112_Set1_1280x720_a.mp4,video/mp4,https://static.superfine.org/advertisement/creative_sets/01JGASBE6E2715456F9644MKXA.mp4,https://static.superfine.org/advertisement/creative_sets/5f084738cbe4e700069fa940/4eeaf22a673cd44f41429ce583a5627a-tmptmp2f5lqiqy.jpg,https://static.superfine.org/advertisement/creative_sets/5f084738cbe4e700069fa940/8cc4b1e450d83c33a6e1d5fbc6261c3d-wzjnzzmqpjiyiyoomhhp.jpg,https://static.superfine.org/advertisement/creative_sets/5f084738cbe4e700069fa940/02e512fff96ff13dbde9a394867ee619-hrfdohzfhqkrmsnmytxd.mp4,,73325e4e0bdfa63e7717c0992860184c,1280,720,27240,10291548,"[""f:video/mp4"", ""s:1280x720"", ""5f084a8dcbe4e700069fa943""]",[],,UPLOADED,,{},1735528921,1735529008,01GRJNVM3BBK46VW7Z8JK1MP1Y,01H1VABXK8RZNGCQK30AK772TW,192311821100,"234,649",1187,34,0
6773b3bf51e889fdf0d5d022,5f084738cbe4e700069fa940,PinPull_Sprint171_Set1_720x720_a 15sec.mp4,video/mp4,https://static.superfine.org/advertisement/creative_sets/01JGDZC8XD18VGA7FWA8NEZQ54.mp4,https://static.superfine.org/advertisement/creative_sets/5f084738cbe4e700069fa940/e0d1e974771e681f59d0fc49ec3c9bd4-tmptmpsvhs4bnq.jpg,https://static.superfine.org/advertisement/creative_sets/5f084738cbe4e700069fa940/e600f1e5fe64bc3101eae3dcb14f7309-ccqdkvcsinhplzsgoxyl.jpg,https://static.superfine.org/advertisement/creative_sets/5f084738cbe4e700069fa940/85f250ed3541149049224ae3a45c339a-ygkobvgkbgnkqklylxlz.mp4,,52d963425c9b4af12e933e137cd0778d,720,720,15000,5082405,"[""f:video/mp4"", ""s:720x720"", ""5f3f791734aaa53b5b19f74b""]",[],,UPLOADED,,{},1735635903,1735635967,01GRJNVM3BBK46VW7Z8JK1MP1Y,01H1VABXK8RZNGCQK30AK772TW,192347302077,"235,238",631,49,0
6773b3bf51e889fdf0d5d021,5f084738cbe4e700069fa940,PinPull_Sprint171_Set1_720x1280_a 15sec.mp4,video/mp4,https://static.superfine.org/advertisement/creative_sets/01JGDZC8WY0Q1FW28MWWV4BEJM.mp4,https://static.superfine.org/advertisement/creative_sets/5f084738cbe4e700069fa940/abd84ade4262b8db907e989e23a75cf5-tmptmp4zg1m6t8.jpg,https://static.superfine.org/advertisement/creative_sets/5f084738cbe4e700069fa940/654a42e06b98682cf447a4bfbeb77b66-mpwpoepjckuylaxuaizp.jpg,https://static.superfine.org/advertisement/creative_sets/5f084738cbe4e700069fa940/b7e1cf2ab3e2adb68d273ca333e8c828-agqbxoxauncirhpdlhdk.mp4,,a9a28491213782df80063d69e1275e27,720,1280,15000,6089032,"[""f:video/mp4"", ""s:720x1280"", ""5f3f791734aaa53b5b19f74b""]",[],,UPLOADED,,{},1735635903,1735636036,01GRJNVM3BBK46VW7Z8JK1MP1Y,01H1VABXK8RZNGCQK30AK772TW,192347195733,"259,751",461,51,0
6773b3bf51e889fdf0d5d027,5f084738cbe4e700069fa940,PinPull_Sprint171_Set1_1280x720_a 15sec.mp4,video/mp4,https://static.superfine.org/advertisement/creative_sets/01JGDZC8ZQ96B6KWT3YBNSD4RM.mp4,https://static.superfine.org/advertisement/creative_sets/5f084738cbe4e700069fa940/c5efe33c0712239bb14cd784f02e2705-tmptmp07ka2hpu.jpg,https://static.superfine.org/advertisement/creative_sets/5f084738cbe4e700069fa940/294a8b8dc01cc3447691627d4b967493-glyqqtrooagbdmysxzsw.jpg,https://static.superfine.org/advertisement/creative_sets/5f084738cbe4e700069fa940/840aa328a8e8c3c24966276f2c60c0e7-xyxozubwbwjdceasjswb.mp4,,3f48e610cb2932422673b76241776327,1280,720,15000,4921961,"[""f:video/mp4"", ""s:1280x720"", ""5f3f791734aaa53b5b19f74b""]",[],,UPLOADED,,{},1735635903,1735636020,01GRJNVM3BBK46VW7Z8JK1MP1Y,01H1VABXK8RZNGCQK30AK772TW,192347302152,"263,964",632,40,0
6773ad4e51e889fdf0d5d01a,5f084738cbe4e700069fa940,DateTheGirl_Sprint117_Set1_720x720_a.mp4,video/mp4,https://static.superfine.org/advertisement/creative_sets/01JGDXSZ694T6FS43TQTEJXSXF.mp4,https://static.superfine.org/advertisement/creative_sets/5f084738cbe4e700069fa940/8618af92414f8afb10eb55de2dd80d1e-tmptmp5t6uzgr.jpg,https://static.superfine.org/advertisement/creative_sets/5f084738cbe4e700069fa940/822449257dc9eeed09edb5071b76acc5-mweysjitcpifiawkfddu.jpg,https://static.superfine.org/advertisement/creative_sets/5f084738cbe4e700069fa940/a0a8781f4716c9f6641be02f99356b13-ncxxfdsccrcyeouimxxl.mp4,,cfe8983ee92411699abd27ec98d4a50f,720,720,30000,11292989,"[""f:video/mp4"", ""s:720x720"", ""5f3f778234aaa53b5b19f723""]",[],,UPLOADED,,{},1735634255,1736834115,01GRJNVM3BBK46VW7Z8JK1MP1Y,01H1VABXK8RZNGCQK30AK772TW,192357625561,"268,999",734,36,
6773b3bf51e889fdf0d5d025,5f084738cbe4e700069fa940,PinPull_Sprint171_Set1_1920x1080_a 15sec.mp4,video/mp4,https://static.superfine.org/advertisement/creative_sets/01JGDZC8YMJHM39NR497MSPZEY.mp4,https://static.superfine.org/advertisement/creative_sets/5f084738cbe4e700069fa940/180df6b73af4d4b7081eae206ce12491-tmptmpqsci207y.jpg,https://static.superfine.org/advertisement/creative_sets/5f084738cbe4e700069fa940/99a17c8b8cb3a1d9e29021124a994922-tzydulhcaabqkiwtbiyu.jpg,https://static.superfine.org/advertisement/creative_sets/5f084738cbe4e700069fa940/880e2b41f66282936928b6a8f90c4d7d-qflnngiehonqxnghxfeh.mp4,,254a82acef719e74688c894e89a5ccc7,1920,1080,15000,5861767,"[""f:video/mp4"", ""s:1920x1080"", ""5f3f791734aaa53b5b19f74b"", ""5f55bb6dc09ebc60ec89e091""]",[],,ARCHIVED,,{},1735635903,1741945584,01GRJNVM3BBK46VW7Z8JK1MP1Y,01H1VABXK8RZNGCQK30AK772TW,192359713723,"279,879",597,52,0
6773ad4e51e889fdf0d5d019,5f084738cbe4e700069fa940,DateTheGirl_Sprint117_Set1_406x720_a.mp4,video/mp4,https://static.superfine.org/advertisement/creative_sets/01JGDXSZ5TVKR8MRJTNT2AD5SQ.mp4,https://static.superfine.org/advertisement/creative_sets/5f084738cbe4e700069fa940/70fe956c9bec52e420c309e8dc4e13ac-tmptmpptn3p962.jpg,https://static.superfine.org/advertisement/creative_sets/5f084738cbe4e700069fa940/d0a7d874870518b4c2f00b767bc0bd35-hvlqndlhbueakecwjafk.jpg,https://static.superfine.org/advertisement/creative_sets/5f084738cbe4e700069fa940/9b1e1304dc4c9a6dfb66fe9cc5a88a5e-zsdtyqzisdsqjzvpzkjn.mp4,,9c710b490de64e4e9f52299ce3e4f550,406,720,30000,9071340,"[""f:video/mp4"", ""s:406x720"", ""5f3f778234aaa53b5b19f723""]",[],,UPLOADED,,{},1735634255,1736834115,01GRJNVM3BBK46VW7Z8JK1MP1Y,01H1VABXK8RZNGCQK30AK772TW,192357540850,"367,123",918,48,
6773b3bf51e889fdf0d5d028,5f084738cbe4e700069fa940,PinPull_Sprint171_Set1_406x720_a 15sec.mp4,video/mp4,https://static.superfine.org/advertisement/creative_sets/01JGDZC904GEN9F5NX0KCSE4C7.mp4,https://static.superfine.org/advertisement/creative_sets/5f084738cbe4e700069fa940/216b3b797c84e00d461538e4c9ac14d8-tmptmpe7vro9qx.jpg,https://static.superfine.org/advertisement/creative_sets/5f084738cbe4e700069fa940/b246fe84b8ced799c08ed6703d1b7446-uwrjlhfsictqnspccegh.jpg,https://static.superfine.org/advertisement/creative_sets/5f084738cbe4e700069fa940/8f0693a93d63c9659f19dc3c1483abc4-jjxplyflvqxjncgivzmr.mp4,,9de01ef8f61a7b2a4477f6300175026a,406,720,15000,4475897,"[""f:video/mp4"", ""s:406x720"", ""5f3f791734aaa53b5b19f74b""]",[],,UPLOADED,,{},1735635903,1735636037,01GRJNVM3BBK46VW7Z8JK1MP1Y,01H1VABXK8RZNGCQK30AK772TW,192347306001,"388,397",1207,81,0
6773a1af51e889fdf0d5cff2,5f084738cbe4e700069fa940,TG3D_Sprint80_Set1_a_7.jpg,image/jpeg,https://static.superfine.org/advertisement/creative_sets/01JGDTZ59XDNTEN6FSR25W76C5.jpeg,https://static.superfine.org/advertisement/creative_sets/01JGDTZ59XDNTEN6FSR25W76C5.jpeg,https://static.superfine.org/advertisement/creative_sets/5f084738cbe4e700069fa940/65527cc17f2b60ef474be9b1494db6b4-biacgwkewraqsaqvrnxo.jpeg,https://static.superfine.org/advertisement/creative_sets/5f084738cbe4e700069fa940/65527cc17f2b60ef474be9b1494db6b4-biacgwkewraqsaqvrnxo.jpeg,,55aad9851a828ba41cf2d6bc86ba0ff8,1200,627,,125489,"[""f:image/jpeg"", ""s:1200x627"", ""5f3f7ac434aaa53b5b19f75b""]",[],,UPLOADED,,{},1735631279,1735631498,01GRJNVM3BBK46VW7Z8JK1MP1Y,01H1VABXK8RZNGCQK30AK772TW,192352613794,"418,384",1175,23,
6773ad4e51e889fdf0d5d01c,5f084738cbe4e700069fa940,DateTheGirl_Sprint117_Set1_1280x720_a.mp4,video/mp4,https://static.superfine.org/advertisement/creative_sets/01JGDXSZ7257S1W7JTZVCBP1HA.mp4,https://static.superfine.org/advertisement/creative_sets/5f084738cbe4e700069fa940/81bc335553a3174e831603410b747a17-tmptmphsbhoaa9.jpg,https://static.superfine.org/advertisement/creative_sets/5f084738cbe4e700069fa940/1720f9ff2da62d70b720a8a8375bbd53-ydygqlemrevcpommenpb.jpg,https://static.superfine.org/advertisement/creative_sets/5f084738cbe4e700069fa940/39c03de317c70c483da00c46a751e204-gfqsufmxsqcgyjjlaxgx.mp4,,ff3ff8f18a56a52405fc561a2209d6e7,1280,720,30000,9310156,"[""f:video/mp4"", ""s:1280x720"", ""5f3f778234aaa53b5b19f723""]",[],,UPLOADED,,{},1735634255,1736834115,01GRJNVM3BBK46VW7Z8JK1MP1Y,01H1VABXK8RZNGCQK30AK772TW,192357638197,"429,801",876,77,
6773a5a151e889fdf0d5cffb,5f084738cbe4e700069fa940,Toiletgames_Sprint121_Set2_720x720_a.mp4,video/mp4,https://static.superfine.org/advertisement/creative_sets/01JGDVXZH5RG3ADFBCEPAYT8HQ.mp4,https://static.superfine.org/advertisement/creative_sets/5f084738cbe4e700069fa940/6cef7bfb43e50c53bde258482950aa90-tmptmpjojkvb.jpg,https://static.superfine.org/advertisement/creative_sets/5f084738cbe4e700069fa940/c26f19c69f69c17bcfca6b5f60549f66-tzkwsfzflvrmjaxtviqq.jpg,https://static.superfine.org/advertisement/creative_sets/5f084738cbe4e700069fa940/8e345bdc27364ca879c25a238ba3440e-jrtoqycyefyuqayerpvy.mp4,,0a3b5403dc7796d1857efa3966f68282,720,720,30000,12063359,"[""5f3f7ac434aaa53b5b19f75b"", ""f:video/mp4"", ""s:720x720""]",[],,UPLOADED,,{},1735632289,1741868385,01GRJNVM3BBK46VW7Z8JK1MP1Y,01H1VABXK8RZNGCQK30AK772TW,192355272565,"430,995",1009,121,
6773b3bf51e889fdf0d5d029,5f084738cbe4e700069fa940,PinPull_Sprint171_Set1_640x360_a 15sec.mp4,video/mp4,https://static.superfine.org/advertisement/creative_sets/01JGDZC90GKKSHHD68G5H0C6V5.mp4,https://static.superfine.org/advertisement/creative_sets/5f084738cbe4e700069fa940/5aa8ef9a16c35b898b0f4e104e250de4-tmptmpfcyt11gi.jpg,https://static.superfine.org/advertisement/creative_sets/5f084738cbe4e700069fa940/31b9e94a57beced0f1a42dd09539faa4-ntjddeewmxkuiggmdjvq.jpg,https://static.superfine.org/advertisement/creative_sets/5f084738cbe4e700069fa940/8d771ae0d6b3156fdc84691100597e99-pljiggqdwvfpqviusiyu.mp4,,766d95f45d347d69209d4c5cd50a1127,640,360,15000,3224924,"[""f:video/mp4"", ""s:640x360"", ""5f3f791734aaa53b5b19f74b""]",[],,UPLOADED,,{},1735635903,1735635951,01GRJNVM3BBK46VW7Z8JK1MP1Y,01H1VABXK8RZNGCQK30AK772TW,192347293851,"439,961",1039,93,0
6773ad4e51e889fdf0d5d017,5f084738cbe4e700069fa940,DateTheGirl_Sprint117_Set1_1920x1080_a.mp4,video/mp4,https://static.superfine.org/advertisement/creative_sets/01JGDXSZ4V3JM1J8Q6R93ADTYE.mp4,https://static.superfine.org/advertisement/creative_sets/5f084738cbe4e700069fa940/098ed60b75f3fd4d67e7961fd247f870-tmptmpwo7f2cu0.jpg,https://static.superfine.org/advertisement/creative_sets/5f084738cbe4e700069fa940/688e6bfc5550f67e437d5fa42437a8b8-zdklobbsjwbnuxclskre.jpg,https://static.superfine.org/advertisement/creative_sets/5f084738cbe4e700069fa940/ec497d1e24bda8177821489a581fa4ac-xjbfsuzdgskvwmlxldra.mp4,,ce85b74005575f34cb4a95037fcb5c65,1920,1080,30000,16450069,"[""f:video/mp4"", ""s:1920x1080"", ""5f3f778234aaa53b5b19f723""]",[],,UPLOADED,,{},1735634255,1736834115,01GRJNVM3BBK46VW7Z8JK1MP1Y,01H1VABXK8RZNGCQK30AK772TW,192317648948,"481,482",1064,123,
6773a5a151e889fdf0d5cffb,5f084738cbe4e700069fa940,Toiletgames_Sprint121_Set2_720x720_a.mp4,video/mp4,https://static.superfine.org/advertisement/creative_sets/01JGDVXZH5RG3ADFBCEPAYT8HQ.mp4,https://static.superfine.org/advertisement/creative_sets/5f084738cbe4e700069fa940/6cef7bfb43e50c53bde258482950aa90-tmptmpjojkvb.jpg,https://static.superfine.org/advertisement/creative_sets/5f084738cbe4e700069fa940/c26f19c69f69c17bcfca6b5f60549f66-tzkwsfzflvrmjaxtviqq.jpg,https://static.superfine.org/advertisement/creative_sets/5f084738cbe4e700069fa940/8e345bdc27364ca879c25a238ba3440e-jrtoqycyefyuqayerpvy.mp4,,0a3b5403dc7796d1857efa3966f68282,720,720,30000,12063359,"[""5f3f7ac434aaa53b5b19f75b"", ""f:video/mp4"", ""s:720x720""]",[],,UPLOADED,,{},1735632289,1741868385,01GRJNVM3BBK46VW7Z8JK1MP1Y,01H1VABXK8RZNGCQK30AK772TW,1290423551998999,"0,54",962,20,
6773a5a151e889fdf0d5d001,5f084738cbe4e700069fa940,Toiletgames_Sprint121_Set2_640x360_a.mp4,video/mp4,https://static.superfine.org/advertisement/creative_sets/01JGDVXZKPPPX92995KN5FFF1E.mp4,https://static.superfine.org/advertisement/creative_sets/5f084738cbe4e700069fa940/a6ef9835cce6e4b606f60d08f275f867-tmptmpki56wcic.jpg,https://static.superfine.org/advertisement/creative_sets/5f084738cbe4e700069fa940/066753ad52b8a1645518998a4b9919c7-mdkhspmvfridlodevard.jpg,https://static.superfine.org/advertisement/creative_sets/5f084738cbe4e700069fa940/f3faacb5b261918b26079fec2fcbc78a-izwhmqivqgxvdqyaqrvz.mp4,,bc115606d7bde72bc99aa100c11e9a99,640,360,30000,6471386,"[""5f3f7ac434aaa53b5b19f75b"", ""s:640x360"", ""f:video/mp4""]",[],,UPLOADED,,{},1735632289,1741868385,01GRJNVM3BBK46VW7Z8JK1MP1Y,01H1VABXK8RZNGCQK30AK772TW,192342719454,"716,031",1651,127,
6773a1af51e889fdf0d5cfef,5f084738cbe4e700069fa940,TG3D_Sprint80_Set1_a_3.jpg,image/jpeg,https://static.superfine.org/advertisement/creative_sets/01JGDTZ58V4XR0FGMZF3E941ZM.jpeg,https://static.superfine.org/advertisement/creative_sets/01JGDTZ58V4XR0FGMZF3E941ZM.jpeg,https://static.superfine.org/advertisement/creative_sets/5f084738cbe4e700069fa940/9fa20c4ca342865f8507e42b5a71f3aa-njcifidtudffiqtxbbwn.jpeg,https://static.superfine.org/advertisement/creative_sets/5f084738cbe4e700069fa940/9fa20c4ca342865f8507e42b5a71f3aa-njcifidtudffiqtxbbwn.jpeg,,74bdb6b6d07429028a21253dfa97b462,1200,627,,126786,"[""f:image/jpeg"", ""s:1200x627"", ""5f3f7ac434aaa53b5b19f75b""]",[],,UPLOADED,,{},1735631279,1735631415,01GRJNVM3BBK46VW7Z8JK1MP1Y,01H1VABXK8RZNGCQK30AK772TW,192312817493,"837,085",1501,15,
6773a5a151e889fdf0d5d002,5f084738cbe4e700069fa940,Toiletgames_Sprint121_Set2_1920x1080_a.mp4,video/mp4,https://static.superfine.org/advertisement/creative_sets/01JGDVXZM2D7JJGY845XGRQ3K6.mp4,https://static.superfine.org/advertisement/creative_sets/5f084738cbe4e700069fa940/398ef4b5213eeed4e212778565fa6dd9-tmptmplsb16ewa.jpg,https://static.superfine.org/advertisement/creative_sets/5f084738cbe4e700069fa940/677bc76297fe90143295fef45ee2a885-qoxvkdronepwkhepdfsv.jpg,https://static.superfine.org/advertisement/creative_sets/5f084738cbe4e700069fa940/e5c63c776ebffc0f5fdbbd72a2e61768-zrskhnhsiwezrjcluxof.mp4,,8004d94d0c046fa6119bbf436c44f97b,1920,1080,30000,23243152,"[""s:1920x1080"", ""f:video/mp4"", ""5f3f7ac434aaa53b5b19f75b""]",[],,UPLOADED,,{},1735632289,1741868383,01GRJNVM3BBK46VW7Z8JK1MP1Y,01H1VABXK8RZNGCQK30AK772TW,192355355854,"84,971",1925,251,
6773a5a151e889fdf0d5cffa,5f084738cbe4e700069fa940,Toiletgames_Sprint121_Set2_720x1280_a.mp4,video/mp4,https://static.superfine.org/advertisement/creative_sets/01JGDVXZGQBXTP26RJJFNRNGYF.mp4,https://static.superfine.org/advertisement/creative_sets/5f084738cbe4e700069fa940/6d8440799d10c8b1cb852e365e566829-tmptmp7bh51guc.jpg,https://static.superfine.org/advertisement/creative_sets/5f084738cbe4e700069fa940/6e7e587220847acec5555f871c31e689-pzhstqgaenwvweckjuys.jpg,https://static.superfine.org/advertisement/creative_sets/5f084738cbe4e700069fa940/97ad18b920597d93a60d8ddecc1ba51c-tqfeptvcajzpwolrdddh.mp4,,d577a68a1400566028e7e4cf8b59a2da,720,1280,30000,18602799,"[""5f3f7ac434aaa53b5b19f75b"", ""f:video/mp4"", ""s:720x1280""]",[],,UPLOADED,,{},1735632289,1741868385,01GRJNVM3BBK46VW7Z8JK1MP1Y,01H1VABXK8RZNGCQK30AK772TW,192355274575,"885,844",3077,122,
6773a1af51e889fdf0d5cff3,5f084738cbe4e700069fa940,TG3D_Sprint80_Set1_a_6.jpg,image/jpeg,https://static.superfine.org/advertisement/creative_sets/01JGDTZ5A972KGGN9YXS0NFE5D.jpeg,https://static.superfine.org/advertisement/creative_sets/01JGDTZ5A972KGGN9YXS0NFE5D.jpeg,https://static.superfine.org/advertisement/creative_sets/5f084738cbe4e700069fa940/22c78df2f3be4f9e4c4e629a7a23acb3-yjugrqyfwerrwcosbwpp.jpeg,https://static.superfine.org/advertisement/creative_sets/5f084738cbe4e700069fa940/22c78df2f3be4f9e4c4e629a7a23acb3-yjugrqyfwerrwcosbwpp.jpeg,,d2f08055bec2ebcac345f56267cdaa4c,1200,627,,122676,"[""f:image/jpeg"", ""s:1200x627"", ""5f3f7ac434aaa53b5b19f75b""]",[],,UPLOADED,,{},1735631279,1735631472,01GRJNVM3BBK46VW7Z8JK1MP1Y,01H1VABXK8RZNGCQK30AK772TW,192312890459,"890,251",1532,29,
6773a1af51e889fdf0d5cff1,5f084738cbe4e700069fa940,TG3D_Sprint80_Set1_a_2.jpg,image/jpeg,https://static.superfine.org/advertisement/creative_sets/01JGDTZ59JKXBJ9016SMSTBGAX.jpeg,https://static.superfine.org/advertisement/creative_sets/01JGDTZ59JKXBJ9016SMSTBGAX.jpeg,https://static.superfine.org/advertisement/creative_sets/5f084738cbe4e700069fa940/86a1353585238e7d4e2b6bbe63157a88-qjchannqlkoshbywnfsk.jpeg,https://static.superfine.org/advertisement/creative_sets/5f084738cbe4e700069fa940/86a1353585238e7d4e2b6bbe63157a88-qjchannqlkoshbywnfsk.jpeg,,a631bbdb4e94f8537e1bcf3bc50df3f5,1200,627,,120754,"[""f:image/jpeg"", ""s:1200x627"", ""5f3f7ac434aaa53b5b19f75b""]",[],,UPLOADED,,{},1735631279,1735631488,01GRJNVM3BBK46VW7Z8JK1MP1Y,01H1VABXK8RZNGCQK30AK772TW,192339922224,"911,944",1632,127,
6773a1af51e889fdf0d5cff4,5f084738cbe4e700069fa940,TG3D_Sprint80_Set1_a_8.jpg,image/jpeg,https://static.superfine.org/advertisement/creative_sets/01JGDTZ5AN3WM61D5VBJ9JGTVQ.jpeg,https://static.superfine.org/advertisement/creative_sets/01JGDTZ5AN3WM61D5VBJ9JGTVQ.jpeg,https://static.superfine.org/advertisement/creative_sets/5f084738cbe4e700069fa940/10ad1015788fdd710318f66e1170d7e4-opkeymcnbkljcmetkuqj.jpeg,https://static.superfine.org/advertisement/creative_sets/5f084738cbe4e700069fa940/10ad1015788fdd710318f66e1170d7e4-opkeymcnbkljcmetkuqj.jpeg,,be35b1ab3685e5b6bbe75d77af188c50,1200,627,,123000,"[""f:image/jpeg"", ""s:1200x627"", ""5f3f7ac434aaa53b5b19f75b""]",[],,UPLOADED,,{},1735631279,1735631431,01GRJNVM3BBK46VW7Z8JK1MP1Y,01H1VABXK8RZNGCQK30AK772TW,192312898790,"927,126",1518,26,
6773a1af51e889fdf0d5cff0,5f084738cbe4e700069fa940,TG3D_Sprint80_Set1_a_4.jpg,image/jpeg,https://static.superfine.org/advertisement/creative_sets/01JGDTZ597R4943EGZB545KFFQ.jpeg,https://static.superfine.org/advertisement/creative_sets/01JGDTZ597R4943EGZB545KFFQ.jpeg,https://static.superfine.org/advertisement/creative_sets/5f084738cbe4e700069fa940/de1e7be93724abb4738b37d1cb616103-wpaoxcumdyxzsravgnyw.jpeg,https://static.superfine.org/advertisement/creative_sets/5f084738cbe4e700069fa940/de1e7be93724abb4738b37d1cb616103-wpaoxcumdyxzsravgnyw.jpeg,,582bdd109311a6ffb19cd0f7a8c86fc0,1200,627,,125213,"[""f:image/jpeg"", ""s:1200x627"", ""5f3f7ac434aaa53b5b19f75b""]",[],,UPLOADED,,{},1735631279,1735631431,01GRJNVM3BBK46VW7Z8JK1MP1Y,01H1VABXK8RZNGCQK30AK772TW,192312794105,"930,969",1546,35,
6773a5a151e889fdf0d5cffe,5f084738cbe4e700069fa940,Toiletgames_Sprint121_Set2_406x720_a.mp4,video/mp4,https://static.superfine.org/advertisement/creative_sets/01JGDVXZJGZ502AF7B7GMNGRNY.mp4,https://static.superfine.org/advertisement/creative_sets/5f084738cbe4e700069fa940/bdb7332938678045424857ab4a98deea-tmptmpjjvyrpcf.jpg,https://static.superfine.org/advertisement/creative_sets/5f084738cbe4e700069fa940/dbf16d36f24e5908c2047da32217a81a-bknolpervkjrtfngucjl.jpg,https://static.superfine.org/advertisement/creative_sets/5f084738cbe4e700069fa940/07187c09a7e08427a816f5e6503dbd74-shakceerapoegdejgejp.mp4,,1e44e0401d398ce110f68f62aa489d49,406,720,30000,9711232,"[""s:406x720"", ""5f3f7ac434aaa53b5b19f75b"", ""f:video/mp4""]",[],,UPLOADED,,{},1735632289,1741868386,01GRJNVM3BBK46VW7Z8JK1MP1Y,01H1VABXK8RZNGCQK30AK772TW,192342708765,"947,232",2165,192,
6773ad4e51e889fdf0d5d01d,5f084738cbe4e700069fa940,DateTheGirl_Sprint117_Set1_640x360_a.mp4,video/mp4,https://static.superfine.org/advertisement/creative_sets/01JGDXSZ7EW814WSRS69986KGQ.mp4,https://static.superfine.org/advertisement/creative_sets/5f084738cbe4e700069fa940/e8ea42cc1f5b4bf74df13867456e85e1-tmptmprj7rgmsi.jpg,https://static.superfine.org/advertisement/creative_sets/5f084738cbe4e700069fa940/320aa1cf0e0271aae6aa794540e73b5a-cqrbdfcjchxroyentfwb.jpg,https://static.superfine.org/advertisement/creative_sets/5f084738cbe4e700069fa940/e26a4dd6eb21c6269bdb84c50c349ef4-bbplgjbqzbrzprxanuvf.mp4,,6a5c5fc6faf7b628833bf158a9536956,640,360,30000,4620038,"[""f:video/mp4"", ""s:640x360"", ""5f3f778234aaa53b5b19f723""]",[],,UPLOADED,,{},1735634255,1735634314,01GRJNVM3BBK46VW7Z8JK1MP1Y,01H1VABXK8RZNGCQK30AK772TW,192357625645,"1,290,239",2622,544,
6773a17c51e889fdf0d5cfeb,5f084738cbe4e700069fa940,TG3D_Sprint80_Set1_1080x1920_a.mp4,video/mp4,https://static.superfine.org/advertisement/creative_sets/01JGDTXKZ8GYKFZAS7E7PFP9XW.mp4,https://static.superfine.org/advertisement/creative_sets/5f084738cbe4e700069fa940/491308aed7dbf53fb49ca6ae8fcdab81-tmptmp0ix820wg.jpg,https://static.superfine.org/advertisement/creative_sets/5f084738cbe4e700069fa940/0e7647e0be5d6ff1f5e71e1ff665efec-zttdttlxgrqqzmnfmmon.jpg,https://static.superfine.org/advertisement/creative_sets/5f084738cbe4e700069fa940/40d013dd60953ab6e3d44c8edf7b6186-jymrfmkpczdgkawthxev.mp4,,7a9928fa73bf385ba2c4971302e3223d,1080,1920,30000,11517731,"[""5f3f7ac434aaa53b5b19f75b"", ""f:video/mp4"", ""s:1080x1920""]",[],,UPLOADED,,{},1735631229,1741868393,01GRJNVM3BBK46VW7Z8JK1MP1Y,01H1VABXK8RZNGCQK30AK772TW,192353365435,"1,491,489",5124,246,
6773a17c51e889fdf0d5cfe8,5f084738cbe4e700069fa940,TG3D_Sprint80_Set1_720x1280_a.mp4,video/mp4,https://static.superfine.org/advertisement/creative_sets/01JGDTXKXMSXDP5156NSBWR9G0.mp4,https://static.superfine.org/advertisement/creative_sets/5f084738cbe4e700069fa940/434fe4b4b57c110fce407726adffd883-tmptmpr8r4glqg.jpg,https://static.superfine.org/advertisement/creative_sets/5f084738cbe4e700069fa940/3744c6c7c9460d63088e53798816947d-jgbsdlfftioukbswlcqw.jpg,https://static.superfine.org/advertisement/creative_sets/5f084738cbe4e700069fa940/1d8b372bc08a215f719a785b39b3da01-embgtlkyxvaiztpzbnxb.mp4,,7540067986cdfe3edee39ac1dc7a1192,720,1280,30000,11293547,"[""5f3f7ac434aaa53b5b19f75b"", ""f:video/mp4"", ""s:720x1280""]",[],,UPLOADED,,{},1735631229,1741868394,01GRJNVM3BBK46VW7Z8JK1MP1Y,01H1VABXK8RZNGCQK30AK772TW,192353327041,"1,560,663",7091,181,
6773a1af51e889fdf0d5cff5,5f084738cbe4e700069fa940,TG3D_Sprint80_Set1_a_9.jpg,image/jpeg,https://static.superfine.org/advertisement/creative_sets/01JGDTZ5B0KWGGXB0K81WWP3R1.jpeg,https://static.superfine.org/advertisement/creative_sets/01JGDTZ5B0KWGGXB0K81WWP3R1.jpeg,https://static.superfine.org/advertisement/creative_sets/5f084738cbe4e700069fa940/6703432f5ab8a08137d6c6a6dd4d791c-lovnkrrwxwvzgvwdwvre.jpeg,https://static.superfine.org/advertisement/creative_sets/5f084738cbe4e700069fa940/6703432f5ab8a08137d6c6a6dd4d791c-lovnkrrwxwvzgvwdwvre.jpeg,,8596e334f68f454537dd643010fd946b,1200,627,,127692,"[""f:image/jpeg"", ""s:1200x627"", ""5f3f7ac434aaa53b5b19f75b""]",[],,UPLOADED,,{},1735631279,1735631502,01GRJNVM3BBK46VW7Z8JK1MP1Y,01H1VABXK8RZNGCQK30AK772TW,192352611871,"1,583,198",2263,220,
6773ad4e51e889fdf0d5d016,5f084738cbe4e700069fa940,DateTheGirl_Sprint117_Set1_720x1280_a.mp4,video/mp4,https://static.superfine.org/advertisement/creative_sets/01JGDXSZ4BZPH4YP7BQNMVM5E6.mp4,https://static.superfine.org/advertisement/creative_sets/5f084738cbe4e700069fa940/0c62f10a47938dcd0a3ebd3e0bd59402-tmptmpfnmuu63.jpg,https://static.superfine.org/advertisement/creative_sets/5f084738cbe4e700069fa940/99d6696bd8c37f1781bee3c9afd5f9d6-wrjyjtojywuasiyoywsj.jpg,https://static.superfine.org/advertisement/creative_sets/5f084738cbe4e700069fa940/561e48b102640a9aaf392a277db2107e-pyqbdovihvyufvlbwfqd.mp4,,c96e5f2e8715eb404b89207e0ce8f0ae,720,1280,30000,18646986,"[""f:video/mp4"", ""s:720x1280"", ""5f3f778234aaa53b5b19f723""]",[],,UPLOADED,,{},1735634255,1736834115,01GRJNVM3BBK46VW7Z8JK1MP1Y,01H1VABXK8RZNGCQK30AK772TW,192357502354,"1,744,028",4563,299,
677211d9119a3e363f8b843a,5f084738cbe4e700069fa940,DS_Sprint112_Set1_406x720_a.mp4,video/mp4,https://static.superfine.org/advertisement/creative_sets/01JGASBE47MHZ8VM7V0W559109.mp4,https://static.superfine.org/advertisement/creative_sets/5f084738cbe4e700069fa940/8e99188458730c87310a38e316121eea-tmptmp56t644hv.jpg,https://static.superfine.org/advertisement/creative_sets/5f084738cbe4e700069fa940/dc9583412b798e8832aa1bd03758c497-wzgrwcwesaqxkptisdnx.jpg,https://static.superfine.org/advertisement/creative_sets/5f084738cbe4e700069fa940/9a6a068ff1a66817d0988aa3a71d495a-nfthpbxjxyiteoxgmsjy.mp4,,45dadf2d36b737ac155fcaf95e359034,406,720,27240,8406476,"[""f:video/mp4"", ""s:406x720"", ""5f084a8dcbe4e700069fa943""]",[],,UPLOADED,,{},1735528921,1735528996,01GRJNVM3BBK46VW7Z8JK1MP1Y,01H1VABXK8RZNGCQK30AK772TW,192351430306,"1,833,911",9959,307,0
6773ad4e51e889fdf0d5d01a,5f084738cbe4e700069fa940,DateTheGirl_Sprint117_Set1_720x720_a.mp4,video/mp4,https://static.superfine.org/advertisement/creative_sets/01JGDXSZ694T6FS43TQTEJXSXF.mp4,https://static.superfine.org/advertisement/creative_sets/5f084738cbe4e700069fa940/8618af92414f8afb10eb55de2dd80d1e-tmptmp5t6uzgr.jpg,https://static.superfine.org/advertisement/creative_sets/5f084738cbe4e700069fa940/822449257dc9eeed09edb5071b76acc5-mweysjitcpifiawkfddu.jpg,https://static.superfine.org/advertisement/creative_sets/5f084738cbe4e700069fa940/a0a8781f4716c9f6641be02f99356b13-ncxxfdsccrcyeouimxxl.mp4,,cfe8983ee92411699abd27ec98d4a50f,720,720,30000,11292989,"[""f:video/mp4"", ""s:720x720"", ""5f3f778234aaa53b5b19f723""]",[],,UPLOADED,,{},1735634255,1736834115,01GRJNVM3BBK46VW7Z8JK1MP1Y,01H1VABXK8RZNGCQK30AK772TW,944802237156189,"2,048,892",3195,67,
6773a17c51e889fdf0d5cfec,5f084738cbe4e700069fa940,TG3D_Sprint80_Set1_640x360_a.mp4,video/mp4,https://static.superfine.org/advertisement/creative_sets/01JGDTXKZTR0BRYKZCYCQ1N2QN.mp4,https://static.superfine.org/advertisement/creative_sets/5f084738cbe4e700069fa940/7a54a8b33590248f171c06325a23980d-tmptmps7euzr5.jpg,https://static.superfine.org/advertisement/creative_sets/5f084738cbe4e700069fa940/2f60c2f1660714be2c98448bd48554f3-oiiglhrygjlbokrhpttc.jpg,https://static.superfine.org/advertisement/creative_sets/5f084738cbe4e700069fa940/0fe698928baf5dcf4c8ecbb28369c875-anvbjnnmhrbhqpezfnzd.mp4,,15f038ed97565de644141c6316e3f38d,640,360,30000,5188623,"[""5f3f7ac434aaa53b5b19f75b"", ""s:640x360"", ""f:video/mp4""]",[],,UPLOADED,,{},1735631229,1741868394,01GRJNVM3BBK46VW7Z8JK1MP1Y,01H1VABXK8RZNGCQK30AK772TW,192340785021,"2,323,049",3752,158,
6773a17c51e889fdf0d5cfe6,5f084738cbe4e700069fa940,TG3D_Sprint80_Set1_1280x720_a.mp4,video/mp4,https://static.superfine.org/advertisement/creative_sets/01JGDTXKWV49WT5GMQ57F22C4J.mp4,https://static.superfine.org/advertisement/creative_sets/5f084738cbe4e700069fa940/87d5f93d7f49d6f74c89923da7017d06-tmptmpgi9p38kn.jpg,https://static.superfine.org/advertisement/creative_sets/5f084738cbe4e700069fa940/967fd74dbba06f391f8888bfb3d7f7c2-dykslzhnmzusiabwcrdq.jpg,https://static.superfine.org/advertisement/creative_sets/5f084738cbe4e700069fa940/ffac8fee7d1b9ecba98c95b4c0b4551d-azbyanshnvcptpuzbmuy.mp4,,e91cdf7c0dc75acdf26f278b4c2f1c38,1280,720,30000,11270786,"[""5f3f7ac434aaa53b5b19f75b"", ""s:1280x720"", ""f:video/mp4""]",[],,UPLOADED,,{},1735631229,1741868393,01GRJNVM3BBK46VW7Z8JK1MP1Y,01H1VABXK8RZNGCQK30AK772TW,192353277862,"2,686,112",6302,587,
6763e28bcdf81bf377841c81,5f084738cbe4e700069fa940,DS_Sprint75_Set2_720x720_a.mp4,video/mp4,https://static.superfine.org/advertisement/creative_sets/01JFF2SWRMQT19AV0E89RR3CCQ.mp4,https://static.superfine.org/advertisement/creative_sets/5f084738cbe4e700069fa940/c184af16ac765b962b450539e846e566-tmptmpsfx07kbi.jpg,https://static.superfine.org/advertisement/creative_sets/5f084738cbe4e700069fa940/ea1a311eb2265dc797fefa11096777d8-selqxvimeszmyfvcuzzh.jpg,https://static.superfine.org/advertisement/creative_sets/5f084738cbe4e700069fa940/27d82ecfd21041ca204062687f0806fe-qinobpczfqkyuvqsbmaz.mp4,,ff1d3a04879a77cb95aafeae246bca54,720,720,24000,6817306,"[""f:video/mp4"", ""s:720x720"", ""5f084a8dcbe4e700069fa943""]",[],,UPLOADED,,{},1734599308,1734599574,01HSWW68E9PBGQQNEFJ0H2V0EX,01GHE4Q888P4QSYMQZMH4S9R29,888058330200613,"2,77",125,1,2
676d40d150dc219d984b9b0d,5f084738cbe4e700069fa940,MMD_Sprint157_Set1_720x720_A.mp4,video/mp4,https://static.superfine.org/advertisement/creative_sets/01JG1CACJYYNB8BKQVQ8YQCV8T.mp4,https://static.superfine.org/advertisement/creative_sets/5f084738cbe4e700069fa940/7e2461733b1896eec9aef4a3282d27df-tmptmp452f2xul.jpg,https://static.superfine.org/advertisement/creative_sets/5f084738cbe4e700069fa940/521878203b17e2c779db7aaf5b467219-xkvwlwffqgblknzjcjcf.jpg,https://static.superfine.org/advertisement/creative_sets/5f084738cbe4e700069fa940/ff8e585f35652475845c3192ee984dcd-luwxhmjlttsgffgmpmyb.mp4,,fc577755b0e8222db313e5ca5c8513a7,720,720,30000,26679766,"[""s:720x720"", ""f:video/mp4"", ""5f3f78ff34aaa53b5b19f747""]",[],,UPLOADED,,{},1735213265,1741682628,01HSWW68E9PBGQQNEFJ0H2V0EX,01GHE4Q888P4QSYMQZMH4S9R29,604687558743183,"2,811,818",2799,27,9
6773ad4e51e889fdf0d5d01e,5f084738cbe4e700069fa940,DateTheGirl_Sprint117_Set1_1080x1920_a.mp4,video/mp4,https://static.superfine.org/advertisement/creative_sets/01JGDXSZ7ZATZWWYYY2NCSQP0D.mp4,https://static.superfine.org/advertisement/creative_sets/5f084738cbe4e700069fa940/a2205b67f19d88825886a9946f9a2cf5-tmptmpggpr0ook.jpg,https://static.superfine.org/advertisement/creative_sets/5f084738cbe4e700069fa940/b47af6172e258ce2a518512db7514942-bibntzsohvlveeikzbiy.jpg,https://static.superfine.org/advertisement/creative_sets/5f084738cbe4e700069fa940/7db2a7f10ba374cefb24f15a22fc2056-rsgsblarsdparjpdmpkq.mp4,,abb0f5abd0f151e687b12f37a2e59ce5,1080,1920,30000,27020286,"[""f:video/mp4"", ""s:1080x1920"", ""5f3f778234aaa53b5b19f723""]",[],,UPLOADED,,{},1735634255,1735634488,01GRJNVM3BBK46VW7Z8JK1MP1Y,01H1VABXK8RZNGCQK30AK772TW,192357599674,"2,978,592",4841,678,
6773a1af51e889fdf0d5cff6,5f084738cbe4e700069fa940,TG3D_Sprint80_Set1_a_5.jpg,image/jpeg,https://static.superfine.org/advertisement/creative_sets/01JGDTZ5BBHDTA2RN6BWB9V7GK.jpeg,https://static.superfine.org/advertisement/creative_sets/01JGDTZ5BBHDTA2RN6BWB9V7GK.jpeg,https://static.superfine.org/advertisement/creative_sets/5f084738cbe4e700069fa940/0fa127648744164342dd1947f2515b58-jtpuirqahssnpzsqzgzx.jpeg,https://static.superfine.org/advertisement/creative_sets/5f084738cbe4e700069fa940/0fa127648744164342dd1947f2515b58-jtpuirqahssnpzsqzgzx.jpeg,,bb231c247a789ca7b1ff3affa92f619c,1200,627,,123565,"[""f:image/jpeg"", ""s:1200x627"", ""5f3f7ac434aaa53b5b19f75b""]",[],,UPLOADED,,{},1735631279,1735631425,01GRJNVM3BBK46VW7Z8JK1MP1Y,01H1VABXK8RZNGCQK30AK772TW,192340101765,"2,980,926",3738,486,
66baebc4fdd3974064e37504,5f084738cbe4e700069fa940,MMD_Sprint74_Set1_800x800_a.mp4,video/mp4,https://static.superfine.org/advertisement/creative_sets/01J552HYB5T7NXRJY375YXRSKJ.mp4,https://static.superfine.org/advertisement/creative_sets/5f084738cbe4e700069fa940/0acc2b6e5e86eee5c8abe21e5532ded4-tmptmpcrtxvnzu.jpg,https://static.superfine.org/advertisement/creative_sets/5f084738cbe4e700069fa940/0e1c62b88eb211f82a51eea4ffb1d85b-fclorhzyybricneokuoq.jpg,https://static.superfine.org/advertisement/creative_sets/5f084738cbe4e700069fa940/e32aa2278dd6dedec286c27ec2ae786c-nrfaqqqquwklvrnudiev.mp4,,17d8ad794c9cc472620fb85d2fb51b65,800,800,25000,7154205,"[""f:video/mp4"", ""s:800x800"", ""5f3f78ff34aaa53b5b19f747""]",[],,UPLOADED,,{},1723526084,1733311550,,,1128737595328054,"3,02",371,7,13
6773a5a151e889fdf0d5cffc,5f084738cbe4e700069fa940,Toiletgames_Sprint121_Set2_1280x720_a.mp4,video/mp4,https://static.superfine.org/advertisement/creative_sets/01JGDVXZHNXD4WCPKM1Y922GNE.mp4,https://static.superfine.org/advertisement/creative_sets/5f084738cbe4e700069fa940/d60d4a344efe0f50f0922847887fb325-tmptmp5oq6mk2.jpg,https://static.superfine.org/advertisement/creative_sets/5f084738cbe4e700069fa940/d5c46a98ca3dd17ec2ad3cb4f8d29387-hjloajuzyrpvlkzavtkk.jpg,https://static.superfine.org/advertisement/creative_sets/5f084738cbe4e700069fa940/a6a4853e6c28913e8e5b72d4a8401b9c-ehxhwafplhikzwwsjcfg.mp4,,238e1641beaf9fb9872778663f196a0f,1280,720,30000,14207083,"[""5f3f7ac434aaa53b5b19f75b"", ""s:1280x720"", ""f:video/mp4""]",[],,UPLOADED,,{},1735632289,1741868384,01GRJNVM3BBK46VW7Z8JK1MP1Y,01H1VABXK8RZNGCQK30AK772TW,192342636003,"316,645",6131,362,
6773a17c51e889fdf0d5cfe7,5f084738cbe4e700069fa940,TG3D_Sprint80_Set1_406x720_a.mp4,video/mp4,https://static.superfine.org/advertisement/creative_sets/01JGDTXKX7S51BZSB1BH5F7WR7.mp4,https://static.superfine.org/advertisement/creative_sets/5f084738cbe4e700069fa940/2ec412010cadf31361a8daf47848638e-tmptmpvje008.jpg,https://static.superfine.org/advertisement/creative_sets/5f084738cbe4e700069fa940/6b569da9a0339e5f1c9f3054b6716c47-bzqqawdteayyetutqihx.jpg,https://static.superfine.org/advertisement/creative_sets/5f084738cbe4e700069fa940/e0fd334a4844a2e99537291e78d92c10-edlwsvlkgluvvpcyjlhz.mp4,,4dc333fe1a32d3a234a5f3936fb63f93,406,720,30000,8050879,"[""s:406x720"", ""5f3f7ac434aaa53b5b19f75b"", ""f:video/mp4""]",[],,UPLOADED,,{},1735631229,1741868395,01GRJNVM3BBK46VW7Z8JK1MP1Y,01H1VABXK8RZNGCQK30AK772TW,192340647882,"3,779,442",14840,487,
6773a17c51e889fdf0d5cfe5,5f084738cbe4e700069fa940,TG3D_Sprint80_Set1_720x720_a.mp4,video/mp4,https://static.superfine.org/advertisement/creative_sets/01JGDTXKW668884Z4PY1CNFYHP.mp4,https://static.superfine.org/advertisement/creative_sets/5f084738cbe4e700069fa940/c9a131c8cffac0bd98b21744ecbc1783-tmptmpaueigmo7.jpg,https://static.superfine.org/advertisement/creative_sets/5f084738cbe4e700069fa940/e3c525310356a7ba1086c68ce709072e-urobzhsubdpeswlosqkr.jpg,https://static.superfine.org/advertisement/creative_sets/5f084738cbe4e700069fa940/23d66b390fb9b95d7c83190e4aa3c993-wagzkuwrlktpomjaqtpq.mp4,,89f812281a1a673042adbf3f21c2ddb8,720,720,30000,9844905,"[""5f3f7ac434aaa53b5b19f75b"", ""f:video/mp4"", ""s:720x720""]",[],,UPLOADED,,{},1735631229,1741868394,01GRJNVM3BBK46VW7Z8JK1MP1Y,01H1VABXK8RZNGCQK30AK772TW,192313686389,"4,142,885",14555,568,
6773abb851e889fdf0d5d00f,5f084738cbe4e700069fa940,DateTheGirl_Sprint117_Set1_720x720_b.mp4,video/mp4,https://static.superfine.org/advertisement/creative_sets/01JGDXDJ3ME4Z0Y3AMDNRF4A19.mp4,https://static.superfine.org/advertisement/creative_sets/5f084738cbe4e700069fa940/b061a0b498baa9f93c04c08d5e99aa88-tmptmpepyatdqz.jpg,https://static.superfine.org/advertisement/creative_sets/5f084738cbe4e700069fa940/55324d839ccc33c0c1da00ce719c0726-kjkgidkvkygszhmygieu.jpg,https://static.superfine.org/advertisement/creative_sets/5f084738cbe4e700069fa940/d0aa87b21a48d11745e7232be82ff9ee-ugpuypvgrvidfuxqkqou.mp4,,69b445bc6fd4d92fe424811123741f0c,720,720,30000,11363882,"[""f:video/mp4"", ""s:720x720"", ""5f3f778234aaa53b5b19f723""]",[],,UPLOADED,,{},1735633848,1735633979,01GRJNVM3BBK46VW7Z8JK1MP1Y,01H1VABXK8RZNGCQK30AK772TW,957276979594669,"6,4",350,8,
6773a17c51e889fdf0d5cfe5,5f084738cbe4e700069fa940,TG3D_Sprint80_Set1_720x720_a.mp4,video/mp4,https://static.superfine.org/advertisement/creative_sets/01JGDTXKW668884Z4PY1CNFYHP.mp4,https://static.superfine.org/advertisement/creative_sets/5f084738cbe4e700069fa940/c9a131c8cffac0bd98b21744ecbc1783-tmptmpaueigmo7.jpg,https://static.superfine.org/advertisement/creative_sets/5f084738cbe4e700069fa940/e3c525310356a7ba1086c68ce709072e-urobzhsubdpeswlosqkr.jpg,https://static.superfine.org/advertisement/creative_sets/5f084738cbe4e700069fa940/23d66b390fb9b95d7c83190e4aa3c993-wagzkuwrlktpomjaqtpq.mp4,,89f812281a1a673042adbf3f21c2ddb8,720,720,30000,9844905,"[""5f3f7ac434aaa53b5b19f75b"", ""f:video/mp4"", ""s:720x720""]",[],,UPLOADED,,{},1735631229,1741868394,01GRJNVM3BBK46VW7Z8JK1MP1Y,01H1VABXK8RZNGCQK30AK772TW,1978877419269221,"6,728,111",22220,616,
677211d9119a3e363f8b843e,5f084738cbe4e700069fa940,DS_Sprint112_Set1_720x1280_a.mp4,video/mp4,https://static.superfine.org/advertisement/creative_sets/01JGASBE5QNQWYRHHBHZCRAE3Y.mp4,https://static.superfine.org/advertisement/creative_sets/5f084738cbe4e700069fa940/aca86c5e483a9c1cb0845fcbd7009afc-tmptmpn0xrmrgz.jpg,https://static.superfine.org/advertisement/creative_sets/5f084738cbe4e700069fa940/4704e65e6770b101e38f6a61fc39f8aa-kfhuomsmsxwjlkkoiqux.jpg,https://static.superfine.org/advertisement/creative_sets/5f084738cbe4e700069fa940/7a174c891e147c615103e7b5b5e4d1b7-abjcegqljbfufacqgfxc.mp4,,638f3aaf7d633fd57cf201d8a1267956,720,1280,27240,13289133,"[""f:video/mp4"", ""s:720x1280"", ""5f084a8dcbe4e700069fa943""]",[],,UPLOADED,,{},1735528921,1735529060,01GRJNVM3BBK46VW7Z8JK1MP1Y,01H1VABXK8RZNGCQK30AK772TW,192338846517,"924,266",45577,1666,572
6773abb851e889fdf0d5d00c,5f084738cbe4e700069fa940,DateTheGirl_Sprint117_Set1_720x1280_b.mp4,video/mp4,https://static.superfine.org/advertisement/creative_sets/01JGDXDJ2FVA08YYQECSBW7JK1.mp4,https://static.superfine.org/advertisement/creative_sets/5f084738cbe4e700069fa940/2a4a89a5f1c6979472f7b4760bf4fa11-tmptmpxhx5ypcy.jpg,https://static.superfine.org/advertisement/creative_sets/5f084738cbe4e700069fa940/7b5c7154017599cd58474703cf63643d-ttrmlndecdznbfaxdttd.jpg,https://static.superfine.org/advertisement/creative_sets/5f084738cbe4e700069fa940/d71829871d12b03a91e7694e08e383d0-negdwmagqnbzybmdxikc.mp4,,020005f6805802eb72ff1b9c9356cea2,720,1280,30000,18762257,"[""f:video/mp4"", ""s:720x1280"", ""5f3f778234aaa53b5b19f723""]",[],,UPLOADED,,{},1735633848,1735633988,01GRJNVM3BBK46VW7Z8JK1MP1Y,01H1VABXK8RZNGCQK30AK772TW,1103379091327785,"13,56",781,12,
6763e28bcdf81bf377841c75,5f084738cbe4e700069fa940,DS_Sprint75_Set2_1080x1920_a.mp4,video/mp4,https://static.superfine.org/advertisement/creative_sets/01JFF2SWK6DTWANJSKS20HJQFH.mp4,https://static.superfine.org/advertisement/creative_sets/5f084738cbe4e700069fa940/ca7831a33d57db2557f5a61fc8aa7a48-tmptmpwh4o01tz.jpg,https://static.superfine.org/advertisement/creative_sets/5f084738cbe4e700069fa940/7553e6eb366f40cd80a0a09a532cd63b-wlbakqylnbbmheseynuk.jpg,https://static.superfine.org/advertisement/creative_sets/5f084738cbe4e700069fa940/8c079e88d6258ac91990cc35e09d4b07-quhfglxsusnegzonpdyj.mp4,,91fad6ca045b34a14e33ec8699b7f5d1,1080,1920,24000,8917721,"[""f:video/mp4"", ""s:1080x1920"", ""5f084a8dcbe4e700069fa943""]",[],,UPLOADED,,{},1734599308,1734599644,01HSWW68E9PBGQQNEFJ0H2V0EX,01GHE4Q888P4QSYMQZMH4S9R29,466121689858229,"16,51",879,25,11
676d40d150dc219d984b9b13,5f084738cbe4e700069fa940,MMD_Sprint157_Set1_1080x1920_A.mp4,video/mp4,https://static.superfine.org/advertisement/creative_sets/01JG1CACNBJAW121DQC4X7HE90.mp4,https://static.superfine.org/advertisement/creative_sets/5f084738cbe4e700069fa940/16eb06596086f483c652d1dd332a41d7-tmptmpcowan9er.jpg,https://static.superfine.org/advertisement/creative_sets/5f084738cbe4e700069fa940/2133e6d40b855d0443452db18987e5d4-mpabbvjxvguiuvttiepv.jpg,https://static.superfine.org/advertisement/creative_sets/5f084738cbe4e700069fa940/31736e5e6b2f832b49cd71873f7051b2-wuidqdmqotuherrjijxu.mp4,,41a51a2b75165a9199db74721e017005,1080,1920,30000,57297052,"[""f:video/mp4"", ""s:1080x1920"", ""5f3f78ff34aaa53b5b19f747""]",[],,UPLOADED,,{},1735213265,1741682627,01HSWW68E9PBGQQNEFJ0H2V0EX,01GHE4Q888P4QSYMQZMH4S9R29,1597841770846035,"16,818,182",15952,555,61
6773ad4e51e889fdf0d5d016,5f084738cbe4e700069fa940,DateTheGirl_Sprint117_Set1_720x1280_a.mp4,video/mp4,https://static.superfine.org/advertisement/creative_sets/01JGDXSZ4BZPH4YP7BQNMVM5E6.mp4,https://static.superfine.org/advertisement/creative_sets/5f084738cbe4e700069fa940/0c62f10a47938dcd0a3ebd3e0bd59402-tmptmpfnmuu63.jpg,https://static.superfine.org/advertisement/creative_sets/5f084738cbe4e700069fa940/99d6696bd8c37f1781bee3c9afd5f9d6-wrjyjtojywuasiyoywsj.jpg,https://static.superfine.org/advertisement/creative_sets/5f084738cbe4e700069fa940/561e48b102640a9aaf392a277db2107e-pyqbdovihvyufvlbwfqd.mp4,,c96e5f2e8715eb404b89207e0ce8f0ae,720,1280,30000,18646986,"[""f:video/mp4"", ""s:720x1280"", ""5f3f778234aaa53b5b19f723""]",[],,UPLOADED,,{},1735634255,1736834115,01GRJNVM3BBK46VW7Z8JK1MP1Y,01H1VABXK8RZNGCQK30AK772TW,9439271909430891,"17,571,108",23494,865,
6773a5a151e889fdf0d5cffa,5f084738cbe4e700069fa940,Toiletgames_Sprint121_Set2_720x1280_a.mp4,video/mp4,https://static.superfine.org/advertisement/creative_sets/01JGDVXZGQBXTP26RJJFNRNGYF.mp4,https://static.superfine.org/advertisement/creative_sets/5f084738cbe4e700069fa940/6d8440799d10c8b1cb852e365e566829-tmptmp7bh51guc.jpg,https://static.superfine.org/advertisement/creative_sets/5f084738cbe4e700069fa940/6e7e587220847acec5555f871c31e689-pzhstqgaenwvweckjuys.jpg,https://static.superfine.org/advertisement/creative_sets/5f084738cbe4e700069fa940/97ad18b920597d93a60d8ddecc1ba51c-tqfeptvcajzpwolrdddh.mp4,,d577a68a1400566028e7e4cf8b59a2da,720,1280,30000,18602799,"[""5f3f7ac434aaa53b5b19f75b"", ""f:video/mp4"", ""s:720x1280""]",[],,UPLOADED,,{},1735632289,1741868385,01GRJNVM3BBK46VW7Z8JK1MP1Y,01H1VABXK8RZNGCQK30AK772TW,1252617929355779,"19,35",27954,1570,
677211d9119a3e363f8b843d,5f084738cbe4e700069fa940,DS_Sprint112_Set1_720x720_a.mp4,video/mp4,https://static.superfine.org/advertisement/creative_sets/01JGASBE5CFZ1MGH2CS1NB6QZ0.mp4,https://static.superfine.org/advertisement/creative_sets/5f084738cbe4e700069fa940/e797f05a390fd01f828d950be3d41c7e-tmptmp7qagqqkv.jpg,https://static.superfine.org/advertisement/creative_sets/5f084738cbe4e700069fa940/14b382261728b77c559cdfa186a56e94-vxlpdsufayznygnenlhg.jpg,https://static.superfine.org/advertisement/creative_sets/5f084738cbe4e700069fa940/a085ca738fa29fd94096939ff2a1e4e5-htsgtneucdjrmqdwujgl.mp4,,ed21861a9e45ab69f397bf7ae6137474,720,720,27240,10582246,"[""f:video/mp4"", ""s:720x720"", ""5f084a8dcbe4e700069fa943""]",[],,UPLOADED,,{},1735528921,1735529044,01GRJNVM3BBK46VW7Z8JK1MP1Y,01H1VABXK8RZNGCQK30AK772TW,1794237908080589,"21,93",2377,37,17
6773b3bf51e889fdf0d5d022,5f084738cbe4e700069fa940,PinPull_Sprint171_Set1_720x720_a 15sec.mp4,video/mp4,https://static.superfine.org/advertisement/creative_sets/01JGDZC8XD18VGA7FWA8NEZQ54.mp4,https://static.superfine.org/advertisement/creative_sets/5f084738cbe4e700069fa940/e0d1e974771e681f59d0fc49ec3c9bd4-tmptmpsvhs4bnq.jpg,https://static.superfine.org/advertisement/creative_sets/5f084738cbe4e700069fa940/e600f1e5fe64bc3101eae3dcb14f7309-ccqdkvcsinhplzsgoxyl.jpg,https://static.superfine.org/advertisement/creative_sets/5f084738cbe4e700069fa940/85f250ed3541149049224ae3a45c339a-ygkobvgkbgnkqklylxlz.mp4,,52d963425c9b4af12e933e137cd0778d,720,720,15000,5082405,"[""f:video/mp4"", ""s:720x720"", ""5f3f791734aaa53b5b19f74b""]",[],,UPLOADED,,{},1735635903,1735635967,01GRJNVM3BBK46VW7Z8JK1MP1Y,01H1VABXK8RZNGCQK30AK772TW,448983711599999,"23,560,597",52235,1368,399
6773b3bf51e889fdf0d5d021,5f084738cbe4e700069fa940,PinPull_Sprint171_Set1_720x1280_a 15sec.mp4,video/mp4,https://static.superfine.org/advertisement/creative_sets/01JGDZC8WY0Q1FW28MWWV4BEJM.mp4,https://static.superfine.org/advertisement/creative_sets/5f084738cbe4e700069fa940/abd84ade4262b8db907e989e23a75cf5-tmptmp4zg1m6t8.jpg,https://static.superfine.org/advertisement/creative_sets/5f084738cbe4e700069fa940/654a42e06b98682cf447a4bfbeb77b66-mpwpoepjckuylaxuaizp.jpg,https://static.superfine.org/advertisement/creative_sets/5f084738cbe4e700069fa940/b7e1cf2ab3e2adb68d273ca333e8c828-agqbxoxauncirhpdlhdk.mp4,,a9a28491213782df80063d69e1275e27,720,1280,15000,6089032,"[""f:video/mp4"", ""s:720x1280"", ""5f3f791734aaa53b5b19f74b""]",[],,UPLOADED,,{},1735635903,1735636036,01GRJNVM3BBK46VW7Z8JK1MP1Y,01H1VABXK8RZNGCQK30AK772TW,1724410891670361,"58,249,403",152880,4135,929
677211d9119a3e363f8b843e,5f084738cbe4e700069fa940,DS_Sprint112_Set1_720x1280_a.mp4,video/mp4,https://static.superfine.org/advertisement/creative_sets/01JGASBE5QNQWYRHHBHZCRAE3Y.mp4,https://static.superfine.org/advertisement/creative_sets/5f084738cbe4e700069fa940/aca86c5e483a9c1cb0845fcbd7009afc-tmptmpn0xrmrgz.jpg,https://static.superfine.org/advertisement/creative_sets/5f084738cbe4e700069fa940/4704e65e6770b101e38f6a61fc39f8aa-kfhuomsmsxwjlkkoiqux.jpg,https://static.superfine.org/advertisement/creative_sets/5f084738cbe4e700069fa940/7a174c891e147c615103e7b5b5e4d1b7-abjcegqljbfufacqgfxc.mp4,,638f3aaf7d633fd57cf201d8a1267956,720,1280,27240,13289133,"[""f:video/mp4"", ""s:720x1280"", ""5f084a8dcbe4e700069fa943""]",[],,UPLOADED,,{},1735528921,1735529060,01GRJNVM3BBK46VW7Z8JK1MP1Y,01H1VABXK8RZNGCQK30AK772TW,1148030483065163,"58,47",5801,112,41
6773a17c51e889fdf0d5cfe8,5f084738cbe4e700069fa940,TG3D_Sprint80_Set1_720x1280_a.mp4,video/mp4,https://static.superfine.org/advertisement/creative_sets/01JGDTXKXMSXDP5156NSBWR9G0.mp4,https://static.superfine.org/advertisement/creative_sets/5f084738cbe4e700069fa940/434fe4b4b57c110fce407726adffd883-tmptmpr8r4glqg.jpg,https://static.superfine.org/advertisement/creative_sets/5f084738cbe4e700069fa940/3744c6c7c9460d63088e53798816947d-jgbsdlfftioukbswlcqw.jpg,https://static.superfine.org/advertisement/creative_sets/5f084738cbe4e700069fa940/1d8b372bc08a215f719a785b39b3da01-embgtlkyxvaiztpzbnxb.mp4,,7540067986cdfe3edee39ac1dc7a1192,720,1280,30000,11293547,"[""5f3f7ac434aaa53b5b19f75b"", ""f:video/mp4"", ""s:720x1280""]",[],,UPLOADED,,{},1735631229,1741868394,01GRJNVM3BBK46VW7Z8JK1MP1Y,01H1VABXK8RZNGCQK30AK772TW,8653210778138546,"74,581,899",281208,7177,
674d8674bbd486486d9cb9c1,5f084738cbe4e700069fa940,69R_Sprint76_Set3_720x720_CLEAN.mp4,video/mp4,https://static.superfine.org/advertisement/creative_sets/01JE3DADSXJT1N10HBBN5R9E2Q.mp4,https://static.superfine.org/advertisement/creative_sets/5f084738cbe4e700069fa940/c6976ed74bd76a766361e974ee4fde96-tmptmpv8x35vv.jpg,https://static.superfine.org/advertisement/creative_sets/5f084738cbe4e700069fa940/990c80edca2f192815e21406eb184b91-ahxwrdbfcjpcfkkcgxut.jpg,https://static.superfine.org/advertisement/creative_sets/5f084738cbe4e700069fa940/13828e95b4da1d59e8f5deb62f5883d2-dzvmgqcbjkkctqjdnqem.mp4,,9324c616c6972fdff7940e0b6a6703c1,720,720,30000,11244974,"[""f:video/mp4"", ""s:720x720"", ""5f55bb6dc09ebc60ec89e091""]",[],,UPLOADED,,{},1733133940,1733134077,,,607203631779172,"352,09",51261,2202,788